country,1966,1967,1968,1969,1970,1971,1972,1973,1974,1975,1976,1977,1978,1979,1980,1981,1982,1983,1984,1985,1986,1987,1988,1989,1990,1991,1992,1993,1994,1995,1996,1997,1998,1999,2000,2001,2002,2003,2004,2005,2006,2007,2008,2009,2010,2011,2012,2013,2014,2015,2016,2017,2018,2019
Aruba,,,,,,,,,,,,,,,,,,,,4.6,3.72,3.54,3.77,3.9,4.13,4.71,5.63,6.61,6.23,6.11,5.89,6.14,6.97,5.87,6.1,5.1,5.6,6.5,6.9,5.1,5.9,6.3,7.3,8.4,7.4,7,5.3,5,5.1,4.9,4.7,4.8,3.5,5.5
Angola,,,,,,,,,,,,,,,,,,,,,,,,,,,,,80.3,70.8,8.5,8.13,43.7,63.6,48.1,48.6,69.9,66.9,54.3,15,10.9,6,8.09,9.79,12.4,13.1,12.7,12.9,13.6,10.2,9.46,13.8,12.9,13.5
Albania,,,,,,,,,,,,,,,,,,,,,,,,,,2.08,2.25,3.83,4.35,7.17,5.43,,8.67,13.8,11.9,6.77,5.9,5.15,7.99,7.71,8.44,6.22,5.89,6.4,6.57,5.46,5.66,6.06,6.48,5.9,5.45,5.18,5.78,5.71
Argentina,,,,,,,,,,,,,,,,,,,,,,,,,,,,,,,,,,,,,,,,,,,,1.39,3.41,2.04,2.29,3.59,3.75,6.95,7.58,16.6,20,0.0674
Armenia,,,,,,,,,,,,,,,,,,,,,,,,,,,,,39.9,34.2,28.2,23.5,11.5,13.5,11.8,11.5,14,13.7,12.2,10.7,11.3,10.4,10.1,10.3,8.51,7.66,5.83,5.98,3.44,5.74,5.39,4.13,3.66,3.5
Antigua and Barbuda,,,,,,,,,,,,,,,,5.92,4.01,3.49,3.07,6.6,5.55,4.72,5.64,4.64,6.65,6.95,7.67,8.96,8.67,7.93,7.63,7.85,7.62,6.99,7.14,7.02,7.96,7.84,7.54,7.06,6.91,6.89,6.58,7.63,7.54,7,6.91,7.18,7.37,7.65,7.55,7.32,7.03,6.17
Australia,,,,,,,,,,,,,,,−1.79,−1.72,−0.433,−0.965,−1.59,−1.22,0.202,0.722,−1.89,0.527,2.36,3.46,3.65,3.34,3.35,3.05,2.12,2.35,2.51,2.81,3.1,2.66,3.1,3.2,3.37,3.55,3.67,4.18,2.94,3.07,3.4,3.06,2.93,3.05,3.27,3.28,3.24,3.28,3.54,
Azerbaijan,,,,,,,,,,,,,,,,,,,,,,,,,,,,,,,,6.39,7.4,6.76,11.2,8.71,5.91,6.54,8.51,7.28,7.57,7.54,7.83,9.06,8.11,8.13,8.32,8.69,8.54,8.64,8.11,7.17,7.59,8.49
Benin,,,,,,,,,,,,,,,,,,,,,,,,,,,,,,,,,,,,,,,0.437,−3.08,−3.06,−3.14,−3.6,−3.27,−3.24,−2.95,−2.37,−1.92,−1.84,−1.63,−1.35,,,
Burkina Faso,,,,,,,,,,,,,,,,,,,,,,,,,,,,,,,,,,,,,,,1.26,−3.08,−3.06,−3.14,−3.6,−3.27,−3.24,−2.95,−2.37,−1.92,−1.84,−1.63,−1.35,,,
Bangladesh,,,,,,,,,,2.55,2.27,2.27,2.27,1.16,−2.47,−2.47,−2.47,−2.47,−2.47,−0.617,1.24,1.24,1.24,1.19,1.1,2.05,4.64,6.19,6.14,4.73,3.79,3.63,3.66,4.07,3.67,4.7,4.93,4.6,5.08,5.68,5.64,5.34,5.51,5.01,4.48,3.73,1.87,3.15,3.46,4.21,3.93,2.99,2.78,2.23
Bulgaria,,,,,,,,,,,,,,,,,,,,,,,,,,,,,,,,,,8.2,8.19,6.4,5.61,5.82,5.58,5.72,6.32,6.42,5.16,7.07,7.26,6.63,6.63,6.61,6.83,6.22,5.39,4.94,4.52,4.32
Bahrain,,,,,,,,,,,,,,,,,,,,3.38,2.5,2.3,1.08,0.911,,8.1,7.81,6.71,6,7.15,6.92,7.06,6.94,5.79,7.98,7.07,6.82,6.36,4.68,3.61,3.78,6.58,6.36,6.02,5.77,4.95,4.88,4.89,4.17,,,,,
Bahamas,,,,,,,,,,,,,,,,,,,3.94,3.68,3.5,3.03,2.52,2.43,2.08,1.95,2.27,2.57,2.55,1.61,1.52,1.39,1.8,1.92,1.75,1.75,2.05,2.17,2.32,2.14,1.81,1.58,1.72,2.06,2.43,2.74,3.07,3.33,3.34,3.51,3.26,3.41,3.66,3.8
Bosnia and Herzegovina,,,,,,,,,,,,,,,,,,,,,,,,,,,,,,,,,,,,8.17,6.84,6.56,6.05,4.32,3.62,3.49,4.33,4.73,4.64,4.15,4.03,3.98,3.73,3.66,3.17,2.81,2.37,2.28
Belarus,,,,,,,,,,,,,,,,,,,,,,,,,,,6.55,58.9,74.2,30,16.2,12.7,27.2,30.1,12.8,10,6.53,4.19,2.13,1.16,0.267,0.025,0.992,0.125,0.267,−2.81,−1.13,0.158,−1.82,−0.242,2.66,2.77,2.52,2.42
Belize,,,,,,,,,,,,,,,,−0.275,3.29,5.52,2.97,2.86,4.56,5.14,5.91,5.9,5.83,6.17,6.23,6.22,6.33,7.22,7.11,7.74,8.15,8.31,9.1,8.55,7.41,6.52,6.54,6.05,6.01,5.68,5.71,6.12,6.92,8.03,7.98,7.92,7.72,7.54,7.34,7.12,7.12,6.55
Bolivia,,,,,,,,,,,,,,,,,,,,,19.1,12.1,13.6,18,17.4,22.3,31.7,37.1,32.1,36.8,35.3,26.6,23.1,23.6,10.2,11.1,6.25,7.05,11.7,7.86,9.32,9.22,8.92,8.86,9.51,9.51,9.31,6.74,6.66,6.51,5.64,5,5.22,4.05
Brazil,,,,,,,,,,,,,,,,,,,,,,,,,,,,,,,53.8,58.4,54.4,39.6,39.8,43.7,45.1,39.5,37.8,36.9,33.1,35.6,35.4,31.1,32.9,28.7,19.6,22,31.3,39.7,38.4,32.2,32,26.8
Barbados,,,,,,,,,,,,,,,4.07,4.54,5.07,5.43,5.07,4.78,5.14,5.18,5.13,5.13,5.88,6.86,4.53,4.77,4.89,4.8,5.26,5.55,5,5.21,5.54,5.8,5.94,5.8,5.99,5.69,5.62,5.57,6.34,6.03,6.02,6.14,6.19,5.87,6.74,7.7,7.86,7.9,,
Brunei,,,,,,,,,,,,,,,,,,,,,,,,,,,,,,,,,,,,,4.44,4.46,4.49,4.46,4.33,4.62,4.8,5.03,5.1,5.27,5.22,5.2,5.16,5.17,5.18,5.19,5.13,5.27
Bhutan,,,,,,,,,,,,,,,,9.5,9.5,9.5,8.92,8.5,8.5,8.5,8.5,8.5,8.5,9,9,8.58,8,7.79,7.75,7.75,7.75,7.75,8.04,8.25,9.15,10.5,10,9.5,9.5,11.9,11.8,11.7,9.5,9.21,9.33,9.48,10.9,10.2,11.4,12,11.8,11
Botswana,,,,,,,,,,,,,,3.48,0.958,13.5,1.5,2,2.5,2.33,2.5,2.83,2.08,1.76,0.433,1.5,1.43,3.33,4.63,4.82,4.43,5.22,5.68,6.06,5.66,5.75,6.45,5.9,6.48,7.59,7.6,7.87,6.29,5.86,5.85,7.39,7.08,6.47,5.45,5.18,5.43,4.98,4.8,4.19
Canada,,,,,2.07,1.02,1.26,1.44,2.06,1.4,1.54,1.5,1.58,2.73,3.33,2.9,3.83,3.13,2.79,3.44,3.83,4.19,4.25,4.21,4.19,3.56,2.73,2.89,3.36,3.06,3.06,3.52,3.56,3.79,3.56,3.38,3.59,3.22,3.63,3.99,4.02,3.23,2.3,2.4,2.52,2.52,2.45,2.45,2.7,2.6,2.6,,,
Switzerland,,,,,,,,,,,,,,,,,,,,,,,,,,,,,,,,,,,,,,,,,,1.54,2.66,2.66,2.66,2.65,2.66,2.66,2.82,2.85,2.9,2.94,2.98,3.02
Chile,,,,,,,,,,,,,,,,,,,7.87,7.32,7.38,6.05,8.22,8.52,6.23,5.68,6.11,5.22,4.43,3.89,3.65,5.25,4.06,5.64,5.7,3.96,3.45,3.19,2.75,2.89,3.06,5.77,5.2,3,3.74,4.27,4.09,4.18,1.91,1.77,1.61,1.48,,
China,,,,,,,,,,,,,,−0.36,−0.36,1.44,1.44,1.44,0.72,0.72,0.72,0.36,0,0.72,1.08,1.08,0,0,1.08,2.61,2.97,2.61,3.6,3.6,3.6,3.33,3.33,3.33,3.33,3.6,3.33,3.06,3.06,3.06,3.06,3,3,2.85,2.85,2.85,2.85,2.85,2.85,2.85
Cote d'Ivoire,,,,,,,,,,,,,,,,,,,,,,,,,,,,,,,,,,,,,,,−0.558,−3.08,−3.06,−3.14,−3.6,−3.27,−3.24,−2.95,−2.37,−1.92,−1.84,−1.63,−1.35,,,
"Congo, Dem. Rep.",,,,,,,,,,,,,,,,,,,,,,,,,,,,,,,,,,,,,,,,,32.6,35.4,49.3,39.7,30.4,20.7,14.7,14.7,15.7,15.7,16.4,19.9,21.3,19.8
Colombia,,,,,,,,,,,,,,,,,,,,8.86,9.69,8.59,8.66,8.13,9.2,10,9.44,10.4,9.74,10.2,9.58,9.02,8.1,6.64,8.29,7.39,7.38,7.28,7.55,6.62,7.37,7.43,6.86,5.72,6.96,7.23,6.82,6.78,6.87,7.86,7.7,7.41,7.27,6.47
Comoros,,,,,,,,,,,,,,,,,,,,,,,,,,,,,,,,,10.7,9,9,8.83,8.33,7.5,8,8,8,8,8.63,8.75,8.75,8.75,8.75,8.75,8.75,8.75,8.75,8.75,8.75,6.34
Cape Verde,,,,,,,,,,,,,,,,,,,,,,,,,,,,,,,,,,,,,,,,7.47,7.26,6.18,8.09,7.93,6.46,6.11,6.35,7.41,7.54,6.97,6.96,7.12,7.68,7.31
Costa Rica,,,,,,,,,,,,,,,,6.71,3.75,3.5,4.42,5.13,9.77,13.5,13.6,11.4,11.6,12.7,13.1,15.3,12.8,8.98,9.45,9.72,11.4,11.5,12.1,15,15.2,13.9,14.5,12.4,6.45,11.7,12.8,11.8,12.1,13.5,11.3,11.6,11.9,10.4,8.57,7.11,4.11,4.05
Czech Republic,,,,,,,,,,,,,,,,,,,,,,,,,,,7.04,6.05,5.84,5.75,5.49,4.73,4.2,3.74,4.32,4.73,4.62,4.74,4.6,4.41,4.46,4.64,4.72,4.81,4.68,4.38,4.11,3.94,3.75,3.53,3.31,3.27,3.3,3.04
Dominica,,,,,,,,,,,,,,,,5.91,5.61,6.51,6.07,6.29,6.56,6.56,7.23,6.98,7.04,7.56,7.73,7.12,7.3,7.13,6.9,7.05,7.02,7.81,7.16,7.06,7.84,5.68,6.77,6.17,5.91,5.86,6.82,6.19,5.64,5.94,6.02,6.06,6.22,6.37,6.32,6.18,5.77,5.13
Dominican Republic,,,,,,,,,,,,,,,,,,,,,,,,,15.2,11.6,15.8,15,15.7,9.82,7.61,8,8.98,9.15,8.66,9.52,10.9,11.5,10.2,9.65,8.87,9.6,10.3,7.28,7.68,7.99,7.57,7.18,8.32,7.9,7.79,,,
Algeria,,,,,,,,,,,,,,,,,,,,,,,,,,,,,1.83,4.5,3.1,2.38,2.5,2.5,3.25,3.25,2.88,4.35,6.06,6.25,6.25,6.25,6.25,6.25,6.25,6.25,6.25,6.25,6.25,6.25,6.25,6.25,6.25,6.25
Egypt,,,,,,,,,,5,4.17,4.29,5,5,5,4,4,4,4,4,5.33,6,6.67,7,7.85,8.33,6.3,4.68,5.55,5.04,3.96,3.65,3.75,3.76,3.83,4.46,5.31,5.65,5.92,6.58,6.41,5.74,5.48,4.78,4.29,4.36,4.61,4.79,4.72,5.74,6.08,6,5.17,3.58
Ethiopia,,,,,,,,,,,,,,,,,,,4.5,,,,,,,5.13,2.5,2.83,3.63,4.5,3.5,4.5,4.58,4.89,4.87,4.87,3.65,3.62,3.54,3.44,3.39,3.32,,,,,,,,,,,,
Fiji,,,,,,,,,,,,,,,,,,,,,,,,,,4.69,4.26,4.3,4.46,4.93,5.46,5.1,5.41,5.28,5.66,5.76,5.69,5.45,4.95,1.79,1.96,5.24,2.94,2.07,3.72,4.5,4.03,4.48,3.28,3.03,2.51,2.28,1.97,2.49
"Micronesia, Fed. Sts.",,,,,,,,,,,,,,,,,,,,,,,,,,,,,9.67,10.4,10.8,11,11.4,10.7,12.2,13.8,14,14.4,14.8,13.6,11.5,11.9,14.1,14.2,13.8,13.9,15.3,15.3,15.3,15.3,15.6,15.3,,
United Kingdom,1.29,0.708,0.708,2.04,3.67,3.35,−0.0208,−0.5,3.38,3.56,4.02,3.01,1.99,2.19,2.59,−0.491,−1.37,2.41,0.46,1.05,1.17,1.55,2.34,2.22,1.41,2.1,2.04,1.81,2.58,2.91,2.93,2.75,,,,,,,,,,,,,,,,,,,,,,
Georgia,,,,,,,,,,,,,,,,,,,,,,,,,,,,,,,,,,,,,14.9,15,10.1,6.93,6.89,6.8,7.06,5.78,3.46,4.1,3.87,3.48,3.58,2.68,1.83,2.29,2.11,1.58
Guinea,,,,,,,,,,,,,,,,,,,,,0,−1.83,−2.25,0.167,2.5,4,4.75,4,4,4,4.83,13.2,14.2,11.9,4.85,,,,,,,,,,,,,,,,,,,
Gambia,,,,,,,,,,,,,,,,,,,4.73,11.9,12.2,14.5,13.9,15.2,13.8,12.9,13.1,12.4,12.5,13,13,12.9,11.5,11.5,11.5,11.3,12.9,14.5,17.6,17.1,15,14.1,11.5,12.4,16.3,16.5,14.6,12,,,13.2,19,19.9,21.2
Guinea-Bissau,,,,,,,,,,,,,,,,,,,,,,,,,,,,,,,,,,,,,,,2.76,−3.08,−3.06,−3.14,−3.6,−3.27,−3.24,−2.95,−2.37,−1.92,−1.84,−1.63,−1.35,,,
Grenada,,,,,,,,,,,,,,,,10.1,9.25,8.68,9.76,10.7,10.2,9.37,9.57,8.92,8.56,8.35,7.95,7.42,7.4,6.25,7.31,7.58,7.32,7.36,5.96,7.72,8.66,6.86,7.2,6.9,6.63,6.3,7.72,7.5,7.57,6.87,6.63,6.79,7.13,7.09,6.87,6.45,6.23,5.68
Guatemala,,,,,,,,,,,,,,,,,,,,,,,,,,,,,,,12.8,11.1,11.6,10.7,10.2,9.95,10.2,9.62,8.68,8.26,8.07,8.31,8.27,7.89,8.19,8.19,8.15,8.3,7.76,7.63,7.68,7.75,7.73,7.9
Guyana,,,,,,,,,,,,,,,2.5,2.79,3,3,3,3,3.92,3.07,3.13,3.58,4.02,6.18,7.11,6.94,6.32,7.3,8.48,8.67,8.03,8.59,9.38,11.8,11.8,11.9,12,12,12.1,12.2,12.2,12.3,12.5,12.3,12.4,11.8,11.7,11.8,11.9,12,9.6,8.62
"Hong Kong, China",,,,,,,,,,,,,,,,,,,,,,,,,,,,3.83,3.27,3.88,2.92,3.27,4,4.47,4.47,4.76,4.93,5,4.95,5.22,5.14,4.86,4.99,4.99,4.99,4.99,4.99,4.99,4.99,4.99,4.99,5,4.97,4.94
Honduras,,,,,,,,,,,,,,,,,,,6.38,6.42,5.92,6.75,6.85,8.28,10.4,9.34,10.5,13.1,15,13,10.8,12.1,10.2,10.9,9.29,8.95,9.32,8.78,7.93,8.11,8.82,8.45,8.63,9.05,10.4,9.52,8.43,9.79,11,10.7,11,9.51,8.92,8.88
Croatia,,,,,,,,,,,,,,,,,,,,,,,,,,,1060,16.4,14.7,16.9,11.2,11.1,10.6,8.33,6.32,11,10.1,9.87,9.48,8.22,7,7.25,8.35,8.62,7.99,7.6,7.73,7.23,,,,,,
Haiti,,,,,,,,,,,,,,,,,,,,,,,,,,,,,,,,,,,,,,,18.6,18.6,17.2,15.5,16.2,16.7,11.3,8.48,8.04,8.16,8.64,7.6,7.34,6.97,6.23,
Hungary,,,,,,,,,,,,,,,,,,,,,,,,5.07,5.94,9.6,10.4,7.89,7.84,6.68,4.11,3.87,3.69,3.41,3.13,2.85,2.53,2.32,2.13,2.05,1.86,2.13,2.9,2.66,2.83,2.73,2.53,2.67,1.79,1.51,1.36,1.41,1.69,1.48
Indonesia,,,,,,,,,,,,,,,,,,,,,,,,3.29,2.22,4.43,6.04,5.23,2.13,1.96,1.8,−6.91,1.93,5.95,3.07,3.44,6.34,7.68,5.97,4.57,5.89,5.11,5.22,6.24,5.47,5.85,5.39,3.85,4.33,4.72,4.55,4.41,3.68,4.04
Iran,,,,,,,,,,,,,,,,,,,,,,,,,,,,,,,,,,,,,,4.95,4.22,2.44,0.399,−1.3,−1.14,0.06,−0.162,−3.81,−3.76,−2.94,−2.09,5.2,,,,
Iraq,,,,,,,,,,,,,,,,,,,,,,,,,,,,,,,,,,,,,,6.17,6.86,7.76,8.35,8.68,8.34,8.29,8.22,7.99,7.83,7.45,7.44,7.58,,,,
Israel,,,,,,,,,,,,,,,,,,,,,,,,,,,,,,,,,,,,,,,,,,,,,,,3.1,3.11,3,2.94,2.98,2.92,2.88,2.81
Jamaica,,,,,,,,,,,,6.95,5.49,6.06,5.47,5.68,3.31,2.6,5.25,8.5,9.74,9.32,9.2,6.52,6.73,11,16,12.9,20.3,14.7,19,15.2,12.9,8.69,7.29,6.99,7.09,7.39,7.55,8.39,8.31,7.7,6.76,14,15.2,13.9,14,12.7,13.1,12.9,11.2,11.1,10.4,9.6
Jordan,,,,,,,,,,,,,,,,,,,,,,,,,,,,,,,3.23,4.4,4.02,4.83,5.13,5.75,6.15,5.76,4.69,3.56,3.23,3.57,4.3,5.5,5.32,5.01,4.16,4.47,4.98,5.09,4.96,4.28,3.73,3.41
Japan,,,,,,,,,,,,,,,,,,,,,,,,,,,2.72,2.44,2.6,2.36,2.15,2.06,2.04,2,1.91,1.83,1.78,1.69,1.41,0.982,1.08,1.32,1.29,1.1,1.04,0.929,0.762,0.804,0.737,0.744,0.673,,,
Kenya,,,,,5.5,5.5,5.5,5.18,4.87,4.87,4.87,4.87,4.87,4.83,3.57,2.3,2.56,2.65,2.75,2.75,3.69,4.67,5.25,5.08,4.5,,,20.5,15.2,16.2,13.5,11.1,12.8,14.2,13,13,12.4,10.1,7.8,8.5,8.18,8.71,8.84,9.81,9.42,8.15,8.67,8.14,6.9,7.87,5.99,4.77,4.94,5.03
Kyrgyz Republic,,,,,,,,,,,,,,,,,,,,,,,,,,,,,,31.9,34.2,21.6,31.6,42,32,31.8,21.5,21.4,19.5,21.2,21.1,23.5,23.8,21.8,21.6,20.7,19,17.6,21.2,22.1,17.1,17.1,17.5,15.7
St. Kitts and Nevis,,,,,,,,,,,,,,4.29,4.76,4.76,4.45,5.39,6.87,7.29,7.24,6.27,6.71,6.66,6.77,6.42,5.89,6.95,6.37,6.66,6.9,7.2,6.89,6.78,6.85,6.88,7.72,5.71,5.53,4.74,4.68,4.15,4.16,4.02,4.98,4.46,5.04,6.1,6.57,6.73,6.83,6.78,6.51,5.47
South Korea,,,,,,,,,,,,,,,,,,,,,,,,,,,,,,0.958,1.07,1.99,1.45,0.607,1.92,1.82,1.99,2.03,1.87,1.48,1.38,1.3,2.17,1.66,1.6,1.69,1.75,1.73,1.72,1.81,1.81,1.64,1.59,1.64
Kosovo,,,,,,,,,,,,,,,,,,,,,,,,,,,,,,,,,,,,,,12,11.5,11.5,11.3,10.6,10.1,10.7,10.3,9.07,8.4,9.5,7.42,6.44,5.8,5.34,,
Kuwait,,,,,,,,,,,,,,2.3,0.0717,0.175,1.22,0.846,1.5,1.82,2.13,1.43,0.973,1.19,1.3,0.403,0.881,1.91,1.84,2.72,2.87,2.62,2.8,2.98,3.41,3.33,3,2.98,4.03,3.65,3.09,2.81,3.33,3.08,3.03,2.94,2.54,2.24,2.4,2.85,3.08,3.16,2.92,2.52
Lao,,,,,,,,,,,,,,,,,,,,,,,,,2.5,11,12,12,11.7,11,,11.5,18.6,20,19.7,23.3,23.9,21.4,22.1,25,23.5,19.3,21.5,19.6,,,,,,,,,,
Lebanon,,,,,,,,,,,,,,,,3.89,4.52,4.05,4.04,5.8,15.4,22.5,22.3,23.1,21.2,23.1,13,9.08,8.39,9.67,6.92,,6.98,6.94,6.34,5.55,4.74,3.44,2.49,2.28,2.28,2.26,2.25,2.14,1.64,1.48,1.52,1.36,1.11,2.42,2.03,1.37,0.817,
Liberia,,,,,,,,,,,,,,,4.39,8.02,10.4,10.8,10,7.2,7.75,7.92,7.05,,8.25,7.5,,8.18,9.2,8.8,10.4,15.5,10.5,14.3,16.2,14,11.8,14.3,13.6,12.1,11.3,10.4,10.1,10.7,10.7,10,9.62,9.34,9.56,9.74,8.22,,,
Libya,,3.5,3.5,3,3,3,3,3,3,3,3,3,3,1.88,1.5,1.5,1.5,1.5,1.5,1.5,1.5,1.5,1.5,1.5,1.5,1.5,1.5,,,,,,3.79,4,4,4,4,4,4,3.83,3.5,3.5,3.5,3.5,3.5,3.5,3.5,3.5,,,,,,
St. Lucia,,,,,,,,,,,,,,,9.21,9.21,8.13,8.72,9.37,10.3,8.98,7.85,7.43,7.85,7.77,8.5,7.78,7.23,8.26,8.32,8.03,6.6,8.03,8.27,8.09,8.32,9.53,8.02,7.77,7.83,7.02,6.83,7.33,7.29,6.51,6.44,6.14,6.2,6.58,6.61,6.68,6.54,6.22,5.62
Sri Lanka,,,,,,,,,,,,,,,,,,,,,,,,,,,,,,,,,,,3.47,3.95,4.34,4.39,5.13,6.05,8,8,5.06,3.32,2.98,4.62,2.22,0.34,0.971,3.4,2.57,2.7,2.53,
Lesotho,,,,,,,,,,,,,,3.5,,,,7.68,5.78,3.38,4.13,4.08,5.93,7.42,7,7.64,7.77,5.83,3.03,4.97,6.22,9.33,11.6,12.2,11.7,11.9,10.9,8.13,7.5,7.62,7.67,8.55,8.15,7.54,7.73,7.27,7.07,7.61,8.24,10.5,10.4,9.96,9.68,7.06
"Macao, China",,,,,,,,,,,,,,,,,,,,3,3.13,3.5,3.5,3.29,3.54,3.75,3.75,3.75,3.97,4.33,3.51,3.97,4.16,4.56,5.4,5.48,5.68,5.89,5.47,5.91,4.96,4.33,5.22,5.23,5.2,5.19,5.21,5.2,5.21,5.21,5.2,5.19,5.12,5.05
Moldova,,,,,,,,,,,,,,,,,,,,,,,,,,,,,14.3,11.2,9.86,9.15,7.99,8.91,7.76,9.32,6.74,5.82,6.05,6.25,3.81,3.13,5.6,8.69,6.87,5.79,5.07,5.3,2.18,3.55,4.59,4.36,3.65,4.35
Madagascar,,,,,,,,,,,,,,,,,,,,,,,4.5,5.3,4.97,4.5,5.65,8.78,17.1,16.1,15.9,18.8,16.2,11.8,12.2,13.3,12.5,12,9.5,8.35,23.8,30.8,33.2,35.7,41.9,45.7,48.8,49,42,45,45,42.6,36,35.7
Maldives,,,,,,,,,,,,,,,,,,,,,,,,,,,,,6.86,6.86,6.86,6.86,4.95,5.35,5.29,5.37,5.71,6.31,6.31,6.31,6.31,6.31,6.31,6.33,6.02,6.75,7.34,7.28,6.98,6.98,6.58,7.02,8.05,7.88
Mexico,,,,,,,,,,,,,,,,,,,,,,,,,,,1.54,4.27,19.6,9.98,5.78,10.9,12.1,8.67,6.56,4.45,3.94,4.74,6.24,4.22,4.36,5.66,5.05,4.07,3.96,3.6,2.94,2.71,2.85,3.47,4.64,4.77,4.9,4.88
North Macedonia,,,,,,,,,,,,,,,,,,,,,,,,,,,,,,,,,,,,,,,7.02,6.84,5.47,4.05,3.4,3.23,3.51,3.9,4.04,4.05,4.56,4.51,4.39,4.07,3.74,3.72
Mali,,,,,,,,,,,,,,,,,,,,,,,,,,,,,,,,,,,,,,,1.07,−3.08,−3.06,−3.14,−3.6,−3.27,−3.24,−2.95,−2.37,−1.92,−1.84,−1.63,−1.35,,,
Myanmar,,,,,,,,,,,,,,,,,,,,,,,,,,,,11.3,10.6,7.81,7.81,7.81,8.85,9.02,8.96,8.96,8.96,8.96,8.96,8.42,8.92,8.92,8.92,8.92,8.77,8,8,8,8,8,8,8,8,9
Montenegro,,,,,,,,,,,,,,,,,,,,,,,,,,,,,,,,,,,,,,,7.57,6.1,4.24,5.42,5.55,5.83,6.55,6.3,6.48,7.27,7.48,6.91,6.32,5.92,5.71,5.5
Mongolia,,,,,,,,,,,,,,,,,,,,,,,,,,,,,,,,14.8,20.6,20.2,23.1,22.3,17.9,17.3,17.6,13.9,8.37,9.19,8.38,8.21,6.14,6.84,6.44,6.71,6.58,6.47,7.05,5.28,6.04,6.67
Mozambique,,,,,,,,,,,,,,,,,,,,,,,,,,,,,,,4.53,16.1,11.8,9.34,7.72,8.72,12.5,12.2,11.7,8.19,7.67,7.33,6.15,6.58,6.12,5.38,6.53,6.22,6.33,10.4,10.8,9.43,9.9,10.3
Mauritania,,,,,,,,,,,,,,6.5,6.5,6.5,6.5,6.5,4.83,5.42,6,6,5,5,5,8.32,8.96,9.17,11.3,13,13,16.5,19,16.2,14.5,13,13,13,15.1,16,15.5,12.3,11.5,9,9,13,13.7,12.5,12.3,11.7,11.3,,,
Mauritius,,,,,,,,,,,,,,2.5,2.94,2.23,3.02,2.96,4.38,4.83,4.75,4.96,5.06,5.44,5.44,7.06,8.19,7.87,8.58,10,9.83,10.6,10.7,11.2,11.3,11.1,11.5,12.9,13.8,11.5,10.1,1.43,0.804,0.525,1.81,2.43,1.69,1.72,2.41,3.35,5.45,5.16,4.7,5.5
Malaysia,,,3.64,3.7,3.69,3.87,4.44,4.86,4.54,4.53,4.26,4.3,3.93,3.9,2.21,2.65,3.75,2.71,3.74,5.16,7.36,6.01,4.33,3.06,2.24,2.23,3,3.87,2.8,2.86,2.85,3.62,4.44,4.31,3.75,3.32,3.23,3.05,2.95,3.34,3.24,2.95,3,2.5,2,1.81,1.68,1.54,1.43,1.5,1.68,1.79,1.89,1.99
Namibia,,,,,,,,,,,,,,,,,,,,,,,,,10.6,8.85,8.41,7.87,7.67,6.6,7.48,7.78,7.67,7.89,7.74,6.03,5.95,5.04,4.37,4.88,5.34,5.35,4.88,4.72,4.45,4.44,4.31,4.45,4.61,4.2,4.14,4.28,4.17,3.56
Niger,,,,,,,,,,,,,,,,,,,,,,,,,,,,,,,,,,,,,,,3.19,−3.08,−3.06,−3.14,−3.6,−3.27,−3.24,−2.95,−2.37,−1.92,−1.84,−1.63,−1.35,,,
Nigeria,,,,4,4,3.96,4,4,3.25,3.83,3.17,2.6,3.69,3.17,3.2,1.94,2.56,1.99,0.317,0.724,0.874,3.67,5.77,5.52,5.13,6.72,8.41,7.39,6.7,6.78,10.6,8.08,7.48,9.58,8.18,8.1,6.5,5.48,7.42,7.14,6.65,3.27,6.03,11.1,10.3,8.39,8.78,7.21,7.7,9.37,8,7.2,6.48,9
Nicaragua,,,,,,,,,,,,,,,,,,,,,,−30.8k,−1470,6.45,0.524,1.2,2.43,2.26,2.72,1.94,2.11,4.6,5.75,7.34,6.99,10.5,10,8.78,8.07,6.71,6.97,6.6,8.04,10.3,8.69,11,14,12.5,11,10.3,9.53,9.58,9.38,9.03
Netherlands,,,,,,,,,,,,,,,,,,,,,,,,,,,,,,,,,0.717,1.9,1.9,1.19,0.512,0.441,0.43,0.559,0.715,0.233,−0.614,−0.597,−0.607,−1.11,−0.94,,,,,,,
Norway,,,,,,,,,,,,,,,,,,,,,,,,,,,,,,,,,,,,,,,,,,,,,,,2.16,2.14,2.19,2.31,2.28,2.19,2.31,2.1
New Zealand,,,,,,,,,,,,,,,,,,,,,,,,,,,,,,,,2.22,2.49,1.45,2.25,1.84,1.9,1.33,1.08,1.28,0.828,1.39,2.62,1.67,1.84,1.72,1.71,1.79,2.03,1.79,1.46,−3.26,,
Oman,,,,,,,,,,,,,,,,,,1.32,1.19,1.52,1.59,1.96,1.5,1.56,2.11,3.01,3.85,4.58,3.28,2.86,2.48,1.94,2.39,2.47,3.46,5.49,5.88,5.69,4.46,3.5,3.19,2.93,2.89,3.38,3.51,3.21,2.96,3.02,2.98,2.35,1.71,1.67,1.54,1.43
Pakistan,,,,,,,,,,,,,,,,,,,,,,,,,,,,,,,,,,,,,,5.62,6.48,6.81,6.46,6.02,5.86,5.9,6.19,5.54,4.81,4.46,4.18,3.92,3.73,3.31,3.1,3.28
Panama,,,,,,,,,,,,,,,,,,,,,,,,,,,,,,3.79,3.96,4.42,3.47,3.41,4.14,5.62,5.95,6.59,5.97,4.75,4.25,4.79,4.61,4.68,5.58,5.82,5.6,5.08,4.66,4.88,4.97,5.05,4.92,4.96
Peru,,,,,,,,,,,,,,,,,,,,,,−6.29,217,1820,500,88.5,50.1,33,20.5,16.6,15.9,17.5,18.8,16.7,15.1,16.6,17.2,21.7,22.1,19.1,17.9,18.2,16.7,16.8,15,15.4,14.6,11.9,12,11.6,12.3,11.2,10.7,11.1
Philippines,,,,,,,,,,3.5,3.5,3.5,5.33,2.33,1.48,4.38,5.66,7.02,9.7,6.28,5.14,4.61,5.14,4.58,4.27,5.2,5.08,4.52,6.29,5.16,6.08,4.67,3.61,2.6,3.66,4.53,4.25,3.9,4.63,4.48,5,4.26,5.83,4.45,3.28,2.52,4.11,4.3,3.99,4.05,3.75,3,3.01,
Papua New Guinea,,,,,,,,,,,,,,,,,5.29,5.28,5.29,4.76,5.61,6.57,9.2,9.81,8.2,9.36,7.97,5.81,5.85,6.17,6.32,9.34,10.8,9.08,10.7,10.7,8.98,11.5,10.6,9.59,8.72,7.88,7.77,9.06,9.89,10.3,9.8,9.04,8.31,7.73,7.87,8.39,7.77,
Paraguay,,,,,,,,,,,,,,,,,,,,,,,,,,,,22.8,22.6,23.4,21.9,19,15.2,15.2,16.4,21.8,41.9,33.7,32.9,28.1,23.9,26.7,31.2,28.9,13.4,13.2,15,16.9,16.2,14.3,14.1,,,
Palestine,,,,,,,,,,,,,,,,,,,,,,,,,,,,,,,,,,,,,,6.21,5.1,4.76,4.96,6.38,5.78,6.04,6.26,6.51,6.89,5.58,5.84,5.14,4.4,3.61,3.08,3.11
Qatar,,,,,,,,,,,,,4,3.5,3.5,3.5,3.5,3.5,3.5,3.5,3.5,3.5,3.5,3.5,3.5,3.38,3.13,4.02,4.01,,,,,,,,,3.54,3.47,2.95,3,3.88,2.81,4.37,3.74,3.71,3.69,3.61,2.82,1.59,1.79,1.53,1.41,1.57
Romania,,,,,,,,,,,,,,,,,,,,,,,,,,,43.9,33.4,5.99,17.9,16.7,18,19.8,20.7,18.5,16.2,14.4,14.1,13.2,9.21,6.65,5.47,5.29,6.76,5.83,5.82,5.97,5.45,4.88,4.6,4.68,5.5,5.38,4.56
Russia,,,,,,,,,,,,,,,,,,,,,,,,,,,,,,,15.3,24.7,26,17.9,13.1,10.8,8.5,7.65,6.69,6.35,4.89,6.47,6.72,4.81,4.02,3.57,3.88,5.1,6.52,5.63,4.7,3.5,3.35,3.01
Rwanda,,,,,,,,,,,,,,,,,,,,,,,,,,,,,,7.24,8.34,6.87,7.87,7,6.38,6.57,6.83,6.76,7.11,7.66,8.38,10.2,8.62,10.2,8.92,7.86,7.39,9.02,9.09,9.38,9.46,9.44,8.88,8.7
Senegal,,,,,,,,,,,,,,,,,,,,,,,,,,,,,,,,,,,,,,,−0.558,−3.08,−3.06,−3.14,−3.6,−3.27,−3.24,−2.95,−2.37,−1.92,−1.84,−1.63,−1.35,,,
Singapore,,,,,,,,,,,,2.42,2.3,2.35,2.94,3.01,2.74,2.74,3.07,2.91,3.21,3.23,3,2.69,2.95,3.08,3.09,2.88,2.87,2.85,2.85,2.84,4.12,4.12,4.13,4.48,4.8,4.9,4.86,4.74,4.8,4.96,5.09,5.17,5.21,5.24,5.24,5.21,5.18,5.16,5.14,5.17,5.05,5.07
Solomon Islands,,,,,,,,,,,,,,,,,,,,,,,,,,,,,,,,,,,,,,,,,,,,11.1,11.2,10.4,10.5,10.7,10.2,9.89,10.4,10.4,10.2,10.2
Sierra Leone,,,,,,,,,,,4,4,3.75,1.83,5,5,6.25,6,5.67,3.02,15.9,11.7,9.67,12,8.45,8.17,23.5,15.7,21.8,18.2,14,16.7,17.3,17,16.5,12.8,10.3,10.9,12.8,12.9,14.2,13.9,12.4,11.8,10.7,10.6,11.7,12.8,14.2,17.6,17.6,17.2,16.6,17.8
San Marino,,,,,,,,,,,,,,,,,,,,,,,,,,,,,,,,,,,5.7,5.28,5.85,5.7,5.83,4.58,4.96,5.67,4.78,4.67,4.84,5.22,5.55,4.79,0.0556,0.142,0.394,0.607,0.613,0.589
Somalia,,,,,,,,,3,3,3,3,3.46,3,4.5,4,3.5,3.5,5,5.27,5.75,13,,,,,,,,,,,,,,,,,,,,,,,,,,,,,,,,
Serbia,,,,,,,,,,,,,,,,,,,,,,,,,,,,,,,−58.9,−44.7,−42.7,72.4,25.9,−21,−13.9,−12.3,−11.9,−13.2,−8.23,−10.1,−8.52,−6.53,−6.67,−8.05,−9.04,−8.02,−8.61,,,,,
South Sudan,,,,,,,,,,,,,,,,,,,,,,,,,,,,,,,,,,,,,,,,,,,,,,10,12.2,17.3,12.6,9.35,9.42,16,15.6,16
Sao Tome and Principe,,,,,,,,,,,,,,,,,,,,,,,,,,,,,,,,,,,22,22.4,20.1,18.3,19,18.6,19.6,19.6,19.2,17.8,14.6,13.3,13.3,14.3,16.4,15.5,15.4,16.1,15.7,15.9
Suriname,,,,,,,,,,,,,,,,,,,,,,,,4.1,4.3,4.42,4.6,7.92,19.3,18.1,15.8,11.1,11.8,13.5,13.9,13.2,12.8,12.1,10.1,9.02,7.35,5.86,5.28,5.42,5.37,4.95,4.89,4.93,5.08,5.41,5.38,5.06,5.98,7.38
Sweden,,,,,,,,,,,,,,,,,,,,,,,,,,7.4,6.65,5.89,5.41,5.03,4.69,4.16,3.9,3.72,3.56,3.42,3.34,3.11,2.72,2.59,,,,,,,,,,,,,,
Eswatini,,,,,,,,,2.79,2.75,2.75,2.81,4.13,5,4.67,5.71,5.33,5.33,6.24,6.69,6.98,6.41,5.42,5.76,5.42,5.43,6.46,6.71,7.62,7.58,7.5,7.58,7.56,7.47,7.1,7.23,7.04,6.66,6.61,6.24,6.11,6.67,5.97,5.9,6.15,6.29,6.42,6.49,6.77,7.31,7.55,6.55,6.44,5.49
Seychelles,,,,,,,,,,,,,,,,,,,,,,,5.77,6.1,6.07,6,6.35,6.87,6.54,6.31,5.69,6.77,6.04,5.97,5.7,5.65,6.63,6.45,6.05,7.59,7.83,7.84,5.58,9.84,9.11,8.89,8.86,9.32,9.2,8.87,8.63,9.02,9.02,8.13
Togo,,,,,,,,,,,,,,,,,,,,,,,,,,,,,,,,,,,,,,,1.15,−3.08,−3.06,−3.14,−3.6,−3.27,−3.24,−2.95,−2.37,−1.92,−1.84,−1.63,−1.35,,,
Thailand,,,,,,,,,,,2.9,2.98,4.71,4.15,4.71,3.96,2.21,3.79,3.08,3.63,2.04,2.08,2.75,2.17,1.73,3.29,2.54,2.44,1.67,3.06,3.13,3.77,4.21,4.54,4.73,,,3.45,3.07,1.94,3.21,3.29,3.75,3.13,2.61,2.59,2.63,3.2,3.3,3.17,3.13,2.86,2.67,2.67
Tajikistan,,,,,,,,,,,,,,,,,,,,,,,,,,,,,,,,,,,,4.67,6.89,10.1,13.1,14.6,12,14.2,15,14.8,14.2,13.4,17.8,19,21.6,21.4,26,23.4,18.4,
Timor-Leste,,,,,,,,,,,,,,,,,,,,,,,,,,,,,,,,,,,,,,,,,,,,,10.2,11.3,11.5,12,12.7,13.3,12.6,12.8,14.7,13.5
Tonga,,,,,,,,,,,,,,,,,,,,,,,,,,,,,,,,,,,,,,,,,,,,,,6.81,6.53,5.81,5.22,4.79,4.86,5.2,5.78,5.76
Trinidad and Tobago,,,,,,,,,,,,,,,,,,,7.37,5.96,5.47,6.55,7.04,6.91,7.38,8.35,8.44,9.07,8.75,7.85,8.42,9.38,8.53,8.35,8,7.72,8.25,6.52,6.91,6.13,5.85,5.07,8.52,7.78,6.47,6.21,6,6,6.68,7.5,7.5,7.59,7.75,5.05
Tanzania,,,,,,,,,,,,,,,,,,,,,,,,,,10.4,9.58,12.5,13.2,20.4,18.4,15.1,14.1,14.2,15.2,13.1,11.5,9.94,10.5,8.93,7.39,6.73,7.06,7.92,8.19,6.01,5.89,6.44,6.21,5.46,6.59,9.21,9.87,10
Uganda,,,,,,,,,,,,,,,,,,1.92,4,10,14.7,13.5,7.83,7.42,3.25,3.28,,10.8,12.6,9.68,9.53,9.51,12.8,13.1,14.2,13.5,9.09,12.9,10.9,9.61,9.84,9.78,11.2,12.5,8.49,9.35,11.2,10.8,9.83,10.6,11.6,10.5,,
Ukraine,,,,,,,,,,,,,,,,,,,,,,,,,,7.7,35.6,41.7,52.4,46.3,30.9,32.2,34.3,27.8,21.3,17.4,10.9,9.61,7.6,7.6,5.78,7.54,7.1,5.31,8.05,5.43,5.87,5.62,8.81,7.75,7.26,7.23,6.93,8.21
Uruguay,,,,,,,,,,11.2,4.86,−4.67,−4.04,−16,−15.6,−23.9,−24.1,−29.3,−40.1,−7.44,−5.01,−10.7,−12.6,11.7,27.1,26.5,31,32.7,34.5,43.4,37.8,31.9,28.7,28.1,27.1,55.8,29.3,17.5,10.8,7.42,6.58,9.22,10.9,6.16,5.23,6.75,7.79,10.6,10.2,10.6,8.77,7.08,6.49,6.44
Uzbekistan,,,,,,,,,,,,,,,,,,,,,,,,,,,,,,,,,,,,,,,,,,,,,,,0.834,−1.3,0.186,−1.23,0.704,5.71,7.45,6.03
St. Vincent and the Grenadines,,,,,,,,,,,,,,,,4.13,3.88,5.48,5.45,6.04,6.06,5.52,6.37,7.26,7.13,7.36,8.03,7.85,6.73,7.09,7.08,7.03,7.09,6.93,7.07,7.21,7.27,6.39,6.69,6.81,6.79,6.73,6.25,6.31,6.14,6.54,6.71,6.51,7.18,7.22,6.89,6.66,6.55,6.3
Venezuela,,,,,,,,,,,,,,,,,,−2.72,−1.19,−0.439,−0.471,−0.451,−6.41,7.71,6.06,5.9,6.16,15.6,15,11.8,8.99,11.5,10.8,8.9,6.94,7.58,7.99,5.9,5.18,5.21,6.4,6.22,3.48,3.55,2.56,1.87,1.39,2.53,4.51,5.69,6.33,,,
Vietnam,,,,,,,,,,,,,,,,,,,,,,,,,,,10.1,,,,5.9,5.17,5.33,6.9,4.12,2.61,2.86,3.55,3.88,3.55,3.69,3.05,2.16,1.94,2.96,2.97,3.23,2.91,2.37,1.93,2.26,2.63,2.73,3.53
Vanuatu,,,,,,,,,,,,,,,4.92,6.75,8.06,8.08,8.41,9.19,9.94,10.1,10.4,10.3,11,11.6,11,10.9,7.5,6,6.77,7.67,8.69,8.58,7.56,6.41,4.69,5.9,5.47,6.31,6.85,4.04,4.25,3.92,4,4.74,3.75,3.59,2.21,1.78,2.5,2.24,1.75,1.88
Samoa,,,,,,,,,,,,,,,,,,,,,,,,,,,,,,,,,,,7.07,6.94,6.76,6.84,7.08,6.85,6.21,6.6,7.28,8.02,7.68,7.39,7.32,7,7.03,6.72,6.16,6.19,6.24,6.04
Yemen,,,,,,,,,,,,,,,,,,,,,,,,,,,,,,7.7,7.6,6.79,5.83,5.54,4.5,4.71,5,5.5,5,5,5,5,7.33,5.17,5,5,6.83,,,,,,,
South Africa,,,,,,,,,,,,,,,,,,,,,,,,,,,,,,,,,,,,,,,,,,3.51,3.17,3.37,3.33,3.31,3.35,3.32,3.26,3.29,3.13,3.08,3.12,2.83
Zambia,,,,,,,,,,,,2,2.33,2.5,3.33,3.5,6,6.83,3.27,9.65,7.96,6.95,6.95,9.45,11.5,6.07,25.2,24.4,15.3,11.7,12.2,18.7,20.3,18.6,22.8,21.9,18.6,19.2,17,12.8,9.67,12.5,15,13.5,11.8,5.15,3.03,3.7,4.26,4.72,3.49,2.99,2.01,0.763
Zimbabwe,,,,,,,,,,,,,,,,,,,,,,,,,,,,,,,,,,,,,,,,,,,,,,,,,1.84,3.02,3.64,4.6,13.2,
